index,Unnamed: 0,target_id,pval,qval,b,se_b,mean_obs,var_obs,tech_var,sigma_sq,smooth_sigma_sq,final_sigma_sq,ens_gene,ext_gene,b_c,b_e,b_b,b_a,b_d,se_b_c,se_b_e,se_b_b,se_b_a,se_b_d,q_c,q_e,q_b,q_a,q_d
8328,8329,B0222.6,0.8687729404165592,1.0,-0.0559654910268831,0.338738663270853,6.9210217911502,2.3065934655010296,0.0047271959016504704,0.167388627090136,0.0077015484706199995,0.167388627090136,WBGene00000717,col-144,0.5678512782417541,2.33746192148245,2.6949472591429,1.7701044279518798,1.02132397380319,0.338738663270853,0.338738663270853,0.338738663270853,0.338738663270853,0.338738663270853,0.567124098667544,8.494196273675981e-10,2.6812132967715396e-13,7.912156281541561e-06,0.0747343139429326
2542,2543,C03D6.1,0.0945484572838485,0.694135931830122,0.701587936730008,0.41964072576905803,3.0443813474874,0.540381842902438,0.0902570510021564,0.0958106100550433,0.173890457083816,0.173890457083816,WBGene00007275,C03D6.1,0.13759662323015198,1.1193418789894,1.65642304923274,1.8822014960289197,1.3747099018228301,0.41964072576905803,0.41964072576905803,0.41964072576905803,0.41964072576905803,0.41964072576905803,0.990519035440823,0.0706066322876132,0.00190358229585517,0.000220174720304958,0.0399972872799329
1964,1965,C03E10.5,0.0620840317572127,0.590351212917822,-0.40877189761643107,0.219098979020232,6.38617574686808,0.517019137636637,0.00248167521886829,0.0695248686926941,0.00884810959561277,0.0695248686926941,WBGene00007282,clec-223,-0.32219571940704306,1.07709448704799,1.0749309590871199,1.4940270935053,1.1190176921720099,0.219098979020232,0.219098979020232,0.219098979020232,0.219098979020232,0.219098979020232,0.662001136027282,4.23154680591503e-05,3.56376036544377e-05,7.85988481668455e-10,4.32920011944261e-05
5050,5051,C03E10.6,0.24945069954378102,0.9227155891916681,-0.30970410386650105,0.268913990646041,5.30397166594539,1.3759152108111499,0.014082686125353999,0.0943894154224149,0.0182817199853236,0.0943894154224149,WBGene00007283,clec-222,-0.42846458660002795,2.0033711035554203,2.4702720386263,2.4810700924252402,1.79690897596477,0.268913990646041,0.268913990646041,0.268913990646041,0.268913990646041,0.268913990646041,0.608285300322252,2.2100474718475e-11,1.0284959913458802e-17,5.69180255288926e-18,8.62988263998946e-09
1852,1853,C03G5.1,0.0567306973978731,0.5717378425455849,-0.14115182320327,0.0740806692971616,7.22811204456458,0.0615839328560399,0.000783756647189839,0.00529040178965877,0.007448161698083291,0.007448161698083291,WBGene00015391,sdha-1,0.130762196997194,0.197734999783899,0.37922640191741996,0.470588891180689,0.36631182329862105,0.0740806692971616,0.0740806692971616,0.0740806692971616,0.0740806692971616,0.0740806692971616,0.521490181819831,0.0702981217672512,1.31564731301797e-05,1.5353759725765e-08,9.24956863238717e-05
1624,1625,C08F1.6,0.0452562799819034,0.521511709039803,0.9112820490128509,0.45512568320134206,3.15499420718211,0.6486468824609251,0.10381897922286801,0.206890102041365,0.157525129322512,0.206890102041365,WBGene00015610,C08F1.6,-0.335952529068684,1.36335204314614,1.5076890930626001,1.26286785151097,1.3807966131981102,0.45512568320134295,0.45512568320134206,0.45512568320134295,0.45512568320134295,0.45512568320134206,0.9110364630370179,0.0317343568699647,0.0148458532948552,0.0515318140997697,0.0721357047978494
14832,14833,C09E8.3,0.619094756744745,1.0,-0.16632065002429403,0.334559180196955,4.70171644124743,1.90465575912195,0.0212925214280529,0.146602246153035,0.0338027572225887,0.146602246153035,WBGene00015646,mlt-10,-0.373715661434519,2.79720924958246,2.75708041700295,2.4226746218828903,2.6289267299072097,0.334559180196955,0.334559180196955,0.334559180196955,0.334559180196955,0.334559180196955,0.8045485602712679,2.15403443835778e-14,2.98384112443549e-14,4.53441377055401e-11,2.35480120209264e-12
4136,4137,C10C5.5,0.19340834527764,0.871479679722844,-0.5777739972073779,0.44424940809211894,4.1258724639659,2.5448740601081403,0.0607498653725748,0.23528643951272196,0.0619046252019804,0.23528643951272196,WBGene00007509,C10C5.5,-0.520307823194028,2.62064768506663,2.31357320010294,2.01329918023464,2.22194530067238,0.44424940809211894,0.44424940809211894,0.44424940809211894,0.44424940809211894,0.44424940809211894,0.7870408089313079,3.30019840652726e-07,8.60261591822605e-06,0.000181727101247801,6.9902537632035e-05
676,677,C14F11.4a,0.0076092562678927,0.210013225059934,0.5642296725021129,0.211406435471734,6.40362810701492,0.9031898629361479,0.0270807974966765,0.0399582239416202,0.00879033457004214,0.0399582239416202,WBGene00015780,C14F11.4,0.0803097071168618,1.46036497211449,1.65171760672818,1.0898604934174498,0.916510131394127,0.211406435471734,0.211406435471734,0.211406435471734,0.211406435471734,0.211406435471734,0.985775476386991,8.13602780440932e-10,7.84551230784512e-13,1.11864854124061e-05,0.00124762708025223
14990,14991,C24B9.9,0.8098792164765171,1.0,0.10233881647648901,0.42538044858270796,4.38649569073095,3.3836313087631202,0.0868720149885145,0.184550774066125,0.0474430001255451,0.184550774066125,WBGene00016052,dod-3,0.656909190668063,1.1367820951458,3.3246968056085198,3.40296150332115,3.80125874681309,0.42538044858270796,0.42538044858270796,0.42538044858270796,0.42538044858270796,0.42538044858270796,0.6310231576641679,0.0698029825943302,7.729726630942929e-13,1.7639538670131302e-13,3.9632415457090403e-16
11403,11404,C25D7.5,0.739391701374216,1.0,0.12892631333826401,0.38756297940359297,3.18517604751379,0.43735251492832705,0.0719875850127282,0.0285733416619756,0.153320009493557,0.153320009493557,WBGene00007717,C25D7.5,0.121062455918797,1.13668888340029,1.6224416363445402,1.53912711455179,1.24733891682363,0.38756297940359297,0.38756297940359297,0.38756297940359297,0.38756297940359297,0.38756297940359297,0.9908274498817529,0.0373251944685097,0.000768440302442763,0.00159958924007162,0.0457965796856479
3434,3435,C25E10.9a,0.14809020511761098,0.8099162353733309,-0.246984547071745,0.17076871916294797,4.97319041234172,0.43663602459203205,0.0186117415156595,0.0152573397557425,0.0251311916511713,0.0251311916511713,WBGene00023417,swm-1,-0.23400195223495898,0.713582828380232,1.258464068894,1.3292977176416299,0.7054909246365009,0.17076871916294797,0.17076871916294797,0.17076871916294797,0.17076871916294797,0.17076871916294797,0.706875943405433,0.000777426028712313,2.03975482481226e-11,9.040470145326981e-13,0.00272915638072812
5906,5907,C25E10.9b.1,0.29989099815763204,0.9492964743887259,-0.18510813995886602,0.178560820349827,5.251487617196201,1.9769962154148601,0.028643041128177,0.0144439957796469,0.0191829087178278,0.0191829087178278,WBGene00023417,swm-1,-0.27693694902778804,0.9223582822946501,1.35791838211243,1.4543577416752198,0.628243501076042,0.178560820349827,0.178560820349827,0.178560820349827,0.178560820349827,0.178560820349827,0.62729841091003,1.39139447719392e-05,3.7548493216077e-12,5.54179024947537e-14,0.0203845939094246
2996,2997,C31C9.2,0.123930316088876,0.770851516684635,-0.175881777815041,0.114321486004315,6.32445798767259,1.39636561290265,0.0037234969252645704,0.0158806063180875,0.00906678529865883,0.0158806063180875,WBGene00007836,C31C9.2,-0.291264280585214,2.46931177224219,2.78427255892793,2.6957457911368703,1.36923179815729,0.114321486004315,0.114321486004315,0.114321486004315,0.114321486004315,0.114321486004315,0.20776853117835198,1.6883594409328897e-99,3.214791122458439e-127,2.8613617342931494e-119,1.09499566443717e-29
1224,1225,C32H11.12,0.0273819211040211,0.41829004024749705,-0.7431524129055992,0.336873260133717,7.06284643716984,5.675903663479691,0.00499771087343896,0.16522767921624,0.007553575417391821,0.16522767921624,WBGene00007875,dod-24,0.386836361122983,1.2370736115421002,2.6272187548923798,2.3590346941550298,1.8474973470787501,0.336873260133717,0.336873260133717,0.336873260133717,0.336873260133717,0.336873260133717,0.7927528393842042,0.00448384170249682,8.712454873143309e-13,2.36875367019422e-10,6.86592790134728e-06
556,557,C33A12.12,0.00449672815400866,0.15084625773366597,0.8165292608163421,0.287405493580465,3.7215447440219105,0.37489340344403005,0.0307452322811693,0.0171308243616143,0.0931576443291771,0.0931576443291771,WBGene00007887,gadr-2,-0.17155612041722101,0.8130757759238921,0.948368503730883,1.03301268047031,0.990348697261902,0.287405493580465,0.287405493580465,0.287405493580465,0.287405493580465,0.287405493580465,0.942579604520078,0.0482799291720271,0.015367531664707,0.00556620513965832,0.0253080273506966
4660,4661,C33A12.7,0.22491433836720898,0.9016357889704592,0.13844677321797197,0.114082814150787,5.78246829725997,1.0801595378037199,0.0040416150203839,0.0154807177064607,0.012281495685423999,0.0154807177064607,WBGene00007886,ethe-1,-0.132237560088816,1.57660325945566,1.91981075069688,2.11691022857554,1.60715421972139,0.114082814150787,0.114082814150787,0.114082814150787,0.114082814150787,0.114082814150787,0.7893409927223,2.93670459244941e-40,2.1788145390210397e-60,1.3651647078839298e-73,1.69144358540958e-41
11494,11495,C34C12.7,0.85721380234019,1.0,0.0352989523466187,0.196190304948489,4.72693173064092,0.7448368649571371,0.0109112549825205,0.0468246986511513,0.0328703573357011,0.0468246986511513,WBGene00007926,C34C12.7,0.36553074490487397,1.4429920828779799,1.45366589741476,1.3600650868542798,0.691628292206422,0.196190304948489,0.196190304948489,0.196190304948489,0.196190304948489,0.196190304948489,0.476436725252218,4.4022060921451e-11,1.54861435408697e-11,3.7718942763095e-10,0.0199093977812838
5731,5732,C34H4.2,0.28968031151686796,0.9449351119535581,0.36606713648994393,0.34573018502166303,6.14181868046955,1.23691244814618,0.00270108402161323,0.17659295723105603,0.00986111518753204,0.17659295723105603,WBGene00016425,C34H4.2,0.742882588045418,1.7205462272188001,1.6139883803625898,1.3368153897176,1.04342871368813,0.34573018502166303,0.34573018502166303,0.34573018502166303,0.34573018502166303,0.34573018502166303,0.35375670855700503,3.19943433806188e-05,0.000104482238681318,0.0022781975216460896,0.0744172413856684
981,982,C49C3.1,0.0183471786541213,0.348849784441279,0.378965284508848,0.160678183300349,6.255247278993219,0.868613963517388,0.0021176381009124397,0.0366085797821383,0.009340408709639859,0.0366085797821383,WBGene00004908,snf-9,0.27752775115416495,0.9697056659755601,0.9742104471398949,0.781304802740216,0.6193939575726539,0.160678183300349,0.160678183300349,0.160678183300349,0.160678183300349,0.160678183300349,0.5386889279528111,1.53028324448654e-07,8.87766158406338e-08,4.3655982406862296e-05,0.00691224523723155
4701,4702,C49C3.9,0.22927281872924898,0.9057640935595171,0.170292594544395,0.14164677775970802,5.7930431993383005,0.7533989594326651,0.00310973547957817,0.0269859789949842,0.0121887726996212,0.0269859789949842,WBGene00008199,C49C3.9,0.40328945034065394,0.6272140866501271,0.44709820417727797,0.6721218559266939,0.519026089545488,0.14164677775970802,0.14164677775970802,0.14164677775970802,0.14164677775970802,0.14164677775970802,0.123390203802719,0.000305855747936292,0.0230265180750593,7.390641741419009e-05,0.0129845424742731
426,427,C50F4.8,0.00237590883920802,0.10407269934855301,-0.384974595669197,0.126690004625302,6.14621673466713,1.09508384358108,0.00260612264716892,0.0214694132607696,0.00983911668881797,0.0214694132607696,WBGene00008233,C50F4.8,0.0760002259181601,1.3508163063735903,1.65437457778577,1.36836879424687,1.16926818781224,0.126690004625302,0.126690004625302,0.126690004625302,0.126690004625302,0.126690004625302,0.941926607272553,8.913276308818e-24,4.2509876827395195e-36,1.3265036169114599e-24,2.82603509885079e-17
11665,11666,C51E3.9a,0.849640155565393,1.0,-0.0214097278485534,0.112933858627125,5.7444451780805,0.671376308846775,0.00650336711759886,0.005364142568312079,0.0126277175190184,0.0126277175190184,WBGene00008254,C51E3.9,-0.0492976266384633,0.385414442835975,0.7158779866962309,0.576774252754918,0.44998198238104,0.112933858627125,0.112933858627125,0.112933858627125,0.112933858627125,0.112933858627125,0.9771830760328941,0.0100896063054012,1.73591140062825e-08,1.3917616519663001e-05,0.00453333417292376
7108,7109,C52E4.1,0.37463656557827896,0.984732383991576,-0.282049065524833,0.317686540952082,8.92322566463386,0.5535464065787491,0.00016515406348867098,0.15122195338966002,0.0109145399983999,0.15122195338966002,WBGene00000781,cpr-1,0.641803250548779,0.9936486430471321,1.38876415514401,1.46155677249742,1.1416402044853402,0.317686540952082,0.317686540952082,0.317686540952082,0.317686540952082,0.317686540952082,0.404544887672603,0.0223132256427686,0.00036310811508775,0.00013783846839902,0.0161624312236986
779,780,D1054.11,0.0106417644692877,0.254924832190564,0.386693716543671,0.151392434431426,9.064824355839551,0.15884103987177,0.000134425243212484,0.0342450785613979,0.0117201733863124,0.0342450785613979,WBGene00008378,D1054.11,-0.149143265753053,0.5815802272319051,0.561601804393616,0.59286083896077,0.511261068737502,0.151392434431426,0.151392434431426,0.151392434431426,0.151392434431426,0.151392434431426,0.8467284726971291,0.00249673183649485,0.00430058042934232,0.0019243062616352698,0.0306943163737946
18207,18208,D1086.10c,0.698007611229735,1.0,0.0907597952675822,0.233910136867423,7.528754921883089,0.6206331745006051,0.0028382971607921396,0.0792326310332126,0.00743620996965735,0.0792326310332126,WBGene00044080,D1086.10,-0.075477028505166,0.8853645766007561,0.9105320221312109,0.700694700250735,0.7658563516901401,0.233910136867423,0.233910136867423,0.233910136867423,0.233910136867423,0.233910136867423,0.990729675637767,0.0030545943396692397,0.0023115088422325,0.0305940857865634,0.040167510596138004
11725,11726,D1086.7,0.45610412716859206,1.0,0.113492683362602,0.152282499350726,6.79721134159245,0.178011592370703,0.00125774306512886,0.0335271963476271,0.007875882898926259,0.0335271963476271,WBGene00008394,D1086.7,0.0301156784049989,1.00206692911335,0.593749671359918,0.430646760171451,0.546057256533269,0.152282499350726,0.152282499350726,0.152282499350726,0.152282499350726,0.152282499350726,0.998086935534328,6.449763131288841e-09,0.00226163975435841,0.0454542045995121,0.0164792800957358
622,623,F08F3.6,0.0060535844895103705,0.18245795059018802,0.2558737436908,0.0932190723892096,7.13416004925013,0.103867239503243,0.0008413897267823309,0.0121933034588747,0.007499374294673341,0.0121933034588747,WBGene00017263,F08F3.6,-0.149168843789058,0.27031693881896107,0.270496985440417,0.40343358188208794,0.347198606626018,0.0932190723892096,0.0932190723892096,0.0932190723892096,0.0932190723892096,0.0932190723892096,0.6054524345716801,0.0403470877316575,0.045000865709039994,0.000415053767577826,0.0106548006191097
551,552,F09A5.9,0.00429788662413651,0.14548190502172198,0.5026778167167101,0.17604289663832698,6.018278393178281,1.01285088488335,0.00283309493275086,0.0436535572524682,0.010545387192828002,0.0436535572524682,WBGene00045245,ttr-34,0.180013261302883,1.56888171330561,1.6090366844581698,1.2299141560523998,0.99746653665088,0.17604289663832698,0.17604289663832698,0.17604289663832698,0.17604289663832698,0.17604289663832698,0.8356392538677041,2.1297698229100704e-16,1.55551907442361e-17,2.6208942568281696e-10,2.78622486027944e-06
3180,3181,F11G11.2,0.13421116980354902,0.788348226274542,0.11944941084597001,0.0797552233042702,8.05417612908224,0.163026767038543,0.00032545668579798,0.009215886780673041,0.00798694192434247,0.009215886780673041,WBGene00001755,gst-7,0.207549826140817,0.37406130155007794,0.42953578026046096,0.430169584662983,0.436649567815957,0.0797552233042702,0.0797552233042702,0.0797552233042702,0.0797552233042702,0.0797552233042702,0.187747903908428,0.00010938702627705,3.5395045063456595e-06,3.40427515962419e-06,7.11378850222319e-06
2304,2305,F12F6.8,0.0808545800673848,0.655430728225199,0.941525289813386,0.5393245540257421,2.5176368994217997,0.536323018904402,0.160041757927048,0.0539017625790853,0.27626470393554897,0.27626470393554897,WBGene00008723,F12F6.8,1.10675018233738,1.8084478201949001,1.90682459935168,1.9652350395104399,1.62552745208841,0.5393245540257421,0.5393245540257421,0.5393245540257421,0.5393245540257421,0.5393245540257421,0.391978305638185,0.0118945487106069,0.00751244963606385,0.00475187454408691,0.0748046114454761
9894,9895,F14B8.3,0.7926059589591942,1.0,0.0585949194952131,0.22285525349493998,4.83230481748515,0.311168772098395,0.0103109562239142,0.0641857397915269,0.0292541031869077,0.0641857397915269,WBGene00003987,pes-23,-0.0946498594932888,1.10906817965919,0.937244637103827,0.699565708131192,0.7521045191920671,0.22285525349493998,0.22285525349493998,0.22285525349493998,0.22285525349493998,0.22285525349493998,0.9805062418420529,3.19943433806188e-05,0.000714383638894805,0.0212800019086254,0.0308717031789536
787,788,F15G9.1a,0.011019990592216002,0.26130523377608605,0.6019172962460471,0.236782878319191,6.11558560442074,0.67229347080916,0.019997293431123,0.0641019037665586,0.00999555418977271,0.0641019037665586,WBGene00008865,F15G9.1,-0.0719533035488722,1.67628871105096,1.5288603540827,1.10293321654593,0.946131545936123,0.236782878319191,0.236782878319191,0.236782878319191,0.236782878319191,0.236782878319191,0.9908274498817529,2.75974834149118e-10,8.57570045767351e-09,0.000107499545794014,0.00444595780654928
11989,11990,F17C11.1,0.468874544289459,1.0,0.137717651143727,0.19013595554450896,4.580340357356139,0.409855777300552,0.0155868004403879,0.007648279365820821,0.0386407219458476,0.0386407219458476,WBGene00008913,F17C11.1,0.0429807297619528,0.606734362197908,0.8590672434919392,0.7325377847884771,0.8965354376190441,0.19013595554450896,0.19013595554450896,0.19013595554450896,0.19013595554450896,0.19013595554450896,0.9969225559831899,0.0187982650953869,0.000199227941943294,0.00238035091824442,0.000250621537869638
869,870,F17E9.4,0.0137108515911312,0.29446811721871996,0.4118216347023211,0.167084481814831,6.7606271603619,0.384556877411399,0.0013857590871215,0.0404900770078742,0.00793574115712176,0.0404900770078742,WBGene00017541,F17E9.4,0.100794665155515,1.05734364763116,1.09325753187567,1.17303868254574,0.664705165046864,0.167084481814831,0.167084481814831,0.167084481814831,0.167084481814831,0.167084481814831,0.941926607272553,2.9148727326330095e-08,5.047420228233211e-09,2.11635573575071e-10,0.0046326814822045
3987,3988,F18G5.2,0.18328754156909,0.856462085214455,0.47305484260767,0.355493067574512,4.97141007605978,1.3086871364703,0.0103746083775455,0.17918837326276,0.0251782445225416,0.17918837326276,WBGene00003981,pes-8,0.46492948357213704,2.3324007015892403,2.5196330733090897,1.4665884721338702,1.13759627676674,0.355493067574512,0.355493067574512,0.355493067574512,0.355493067574512,0.355493067574512,0.7315674178799091,7.28815205744693e-09,1.45578251910498e-10,0.000911872233625085,0.04772066647229901
4472,4473,F19C7.7,0.213763123664624,0.892949690514981,-0.48506124293547204,0.390145102912464,3.40242356728656,4.18633490896614,0.0639808878855994,0.16433891410426701,0.12592595240798,0.16433891410426701,WBGene00000684,col-110,-0.19266405902400305,2.03887317040162,2.23189499473983,1.9895793217359599,2.17856370994024,0.390145102912464,0.390145102912464,0.390145102912464,0.390145102912464,0.390145102912464,0.9681495613299999,1.0453531531689099e-05,6.09987788834195e-07,1.4422337918207502e-05,4.18315134490819e-06
12041,12042,F21D5.3a.2,0.746811971676649,1.0,0.115329881551545,0.357228919379863,6.0896499501880506,1.7589730406242499,0.18128471188624698,-0.08818016995146301,0.0101340393757094,0.0101340393757094,WBGene00009008,F21D5.3,0.493583779916088,2.03236038789582,2.84421677064471,2.85288405673548,2.0411645604456004,0.357228919379863,0.357228919379863,0.357228919379863,0.357228919379863,0.357228919379863,0.7025563024737789,9.81211775588411e-07,2.57387143225441e-13,1.9515981505950502e-13,2.12713065782843e-06
7327,7328,F21F8.3.2,0.3868198324406721,0.9851050932443359,0.208209918877487,0.24059413066919,7.98231269888474,0.45152825005006497,0.0576856565726459,0.029142646996049,0.00786593748907919,0.029142646996049,WBGene00000218,asp-5,0.35436403555073404,0.6572124386872579,1.70727181233818,1.65494359459596,1.17206019661839,0.24059413066919,0.24059413066919,0.24059413066919,0.24059413066919,0.24059413066919,0.6619124097172869,0.0610466062233184,1.37837598469389e-10,5.35367734915424e-10,0.000127727476961345
12124,12125,F26H9.5,0.885577852742322,1.0,0.0111586224704357,0.0775432038165313,7.1056390871814,0.6059443099201971,0.0014999703507523698,0.00660479399975986,0.007519452336445809,0.007519452336445809,WBGene00009177,F26H9.5,-0.21907702175563398,1.5995127589444098,1.77539373712343,1.90967659254073,0.91185052879693,0.0775432038165313,0.0775432038165313,0.0775432038165313,0.0775432038165313,0.0775432038165313,0.12831646831010401,9.709033799747218e-91,2.4040179766949597e-112,4.017608530300549e-130,1.31393192216921e-28
833,834,F26H9.7,0.0126152653963366,0.28236078650291496,-0.211136026149337,0.0846423312609721,6.5914741446912,0.625860173015103,0.00226761080778022,0.00847887555415797,0.00826990563852865,0.00847887555415797,WBGene00006732,uev-3,-0.202883332801373,1.33031932916916,1.60913034653568,1.7488535033811203,0.507809037966582,0.0846423312609721,0.0846423312609721,0.0846423312609721,0.0846423312609721,0.0846423312609721,0.257972485840177,2.40336825313435e-52,4.31147674239796e-77,2.3865956925629796e-91,4.5666112743864403e-07
298,299,F27D9.5,0.0009659107401018449,0.0603613450796086,-0.24670483311549696,0.0747528730476709,8.05824523096423,0.164769526628483,0.00038773094815140497,0.00677049634313718,0.00799425709517041,0.00799425709517041,WBGene00017864,pcca-1,0.0434316746689852,0.472278597832942,0.8537835617856451,0.9447805494006372,0.394249679223972,0.0747528730476709,0.0747528730476709,0.07475287304767099,0.0747528730476709,0.0747528730476709,0.947703505898737,3.07781015290523e-08,1.56603962252649e-27,7.7838649900285e-34,1.90348008007418e-05
700,701,F29G9.4b,0.00830654900136971,0.22129454681412697,1.07961315424391,0.40904528860336997,4.40058524976687,0.562278778670202,0.196488973330626,0.0544880988622962,0.0467653054499134,0.0544880988622962,WBGene00001345,fos-1,0.8524742944875892,1.7203796782133303,1.60660912915615,1.19330631111853,1.50019409224101,0.40904528860336997,0.40904528860336997,0.40904528860336997,0.40904528860336997,0.40904528860336997,0.379988161391026,0.000711595956807826,0.0020361283420415603,0.0369183161650969,0.0128892588791246
12177,12178,F31E9.3,0.714925217756302,1.0,0.10653196473230699,0.291669072570152,3.67958549303305,1.09974847707007,0.0305640356893207,0.08326383390846401,0.0970422361515778,0.0970422361515778,WBGene00009296,F31E9.3,0.188370848746733,0.8703687591613929,1.07110213778314,1.46335731276257,0.8910799523306608,0.291669072570152,0.291669072570152,0.291669072570152,0.291669072570152,0.291669072570152,0.9297384564946541,0.0326695157878276,0.00489100981942548,2.11606336596677e-05,0.0685187606431278
1408,1409,F35E12.4,0.0354777783890231,0.47047713924691,1.29653853401129,0.616558832160207,2.64204339121925,1.34663468341516,0.140197834535185,0.43001935573695205,0.24805901320047896,0.43001935573695205,WBGene00009428,F35E12.4,1.1213412075381,2.9829015188134997,2.34545997297427,2.07568261939242,2.4759794183873303,0.616558832160207,0.616558832160207,0.616558832160207,0.616558832160207,0.616558832160207,0.49689136929105104,5.84911674765451e-05,0.00309199247491234,0.0112958736253315,0.00413046426858952
2325,2326,F35G2.4,0.0819767924741447,0.657453469593438,-0.27995987805536,0.160958491055339,5.82815555221958,0.905198564950092,0.00417685252726592,0.0346846012369515,0.0118918263832354,0.0346846012369515,WBGene00004025,phy-2,-0.025386555496657998,0.8555454839176979,2.29049484757459,1.95051000374886,1.4278373945661798,0.160958491055339,0.160958491055339,0.160958491055339,0.160958491055339,0.160958491055339,1.0,6.76673558328639e-06,5.548335286814749e-43,4.65514553268111e-31,6.45919830943598e-16
8972,8973,F37B1.8,0.496285386694382,1.0,-0.47845581837482,0.7032536367027611,5.09425958187447,9.25247324188296,0.08588495545206401,0.655963560851425,0.0222276291978556,0.655963560851425,WBGene00001767,gst-19,-0.21191240969030603,5.022170681070469,5.14887565929225,5.419903429281731,4.51456692740609,0.7032536367027611,0.7032536367027611,0.7032536367027611,0.7032536367027611,0.7032536367027611,0.9908274498817529,1.85013146832604e-10,2.8457315074163e-11,1.6166116247773798e-12,3.8696093613243904e-08
3087,3088,F38E11.1,0.12897010449191199,0.77894655414495,-0.441372803413841,0.29072576721169896,4.13861601316189,1.52129119140048,0.0380848617650699,0.0886973458161767,0.0610988532705827,0.0886973458161767,WBGene00002012,hsp-12.3,-0.860734283290152,1.47364676795541,2.27650370341184,2.4727003556928997,1.6116500140670702,0.29072576721169896,0.29072576721169896,0.29072576721169896,0.29072576721169896,0.29072576721169896,0.0995886933002583,2.17384710333017e-05,6.935676192054699e-13,2.9183666893214604e-15,5.17620548768262e-06
4486,4487,F42G4.3b,0.215279946903678,0.8943525968690021,0.161955324939305,0.130695874469153,6.14725319783834,0.682197640551511,0.0105439368875579,0.0150781805173271,0.009833954716407791,0.0150781805173271,WBGene00006999,zyx-1,0.0689687377566873,0.3602660934105,0.492475166341067,0.40858705893763403,0.468294589797544,0.130695874469153,0.130695874469153,0.130695874469153,0.130695874469153,0.130695874469153,0.959872275305203,0.0574813451795174,0.00351668373385325,0.0220551762404091,0.016609029783501
16177,16178,F49F1.7a,0.534431520309376,1.0,0.164582992671083,0.264919971947535,4.12811215387713,1.7585710752923798,0.0299439204948887,0.0753299668101354,0.06176224426320599,0.0753299668101354,WBGene00018647,F49F1.7,0.47769419060524104,1.34097193359494,2.95064801241754,2.7294579302457405,1.80408468627148,0.264919971947535,0.264919971947535,0.264919971947535,0.264919971947535,0.264919971947535,0.503999966226549,2.21087957001124e-05,3.4841241344214e-26,1.96425709312016e-22,3.6492104883350603e-09
2103,2104,F52B10.1,0.0697694119189752,0.618615029778179,0.20197967538105302,0.11138146150921499,8.086920692909889,0.493304204441036,0.00032722720895067596,0.0182815177429423,0.00804724041424462,0.0182815177429423,WBGene00003776,nmy-1,0.25138890787219303,0.869876246288438,0.9350474476531391,0.623003110570301,0.650264616775453,0.11138146150921499,0.11138146150921499,0.11138146150921499,0.11138146150921499,0.11138146150921499,0.30641963512257003,1.6711641645109802e-12,8.451632972299071e-15,1.21996037992178e-06,1.07185435334867e-06
482,483,F52E4.1a.1,0.00322546130350453,0.12452013317351701,-0.24034376386310605,0.081599934812101,8.13026994359694,0.227236151044279,0.00185566393950882,0.00457883891431061,0.00813216010249987,0.00813216010249987,WBGene00018701,pccb-1,0.00926024363310754,0.35173755015046,0.7120341308560508,0.8241765281804051,0.25479425598329897,0.081599934812101,0.081599934812101,0.081599934812101,0.081599934812101,0.081599934812101,1.0,0.00048583794539075595,5.60626302272421e-16,1.4714082616529998e-21,0.0577732488639498
4908,4909,F52E4.1a.2,0.24011914078176397,0.914148883195225,-0.15743146641884198,0.134019693200901,7.23135398351758,0.46566857653081,0.0117035368764963,0.0152383803719991,0.0074468007812311405,0.0152383803719991,WBGene00018701,pccb-1,0.009708734743412271,1.1313266115282,1.47394525604657,1.4288494200009099,0.526974156377013,0.134019693200901,0.134019693200901,0.134019693200901,0.134019693200901,0.134019693200901,1.0,1.14107844223136e-14,1.62272475175147e-25,5.537619701971589e-24,0.00538916706737285
5717,5718,F53F8.4,0.28906372620782894,0.9449351119535581,0.200912797249469,0.18950859031111397,4.70663906162733,0.505446950009233,0.0120019190362755,0.0418683396662828,0.0336187216869799,0.0418683396662828,WBGene00010001,F53F8.4,0.5314463682371839,1.3120833222816002,1.5025995213833303,1.6906019942626798,0.610504987557261,0.18950859031111397,0.18950859031111397,0.18950859031111397,0.18950859031111397,0.18950859031111397,0.133064199944271,7.34522452373413e-10,3.3042530582353695e-13,8.224741508675699e-17,0.0455019069181087
16237,16238,F54D8.6,0.7764816296832501,1.0,0.0218337042611464,0.0769044159887792,6.93897801822054,0.12067091906902,0.0011916276077030001,0.00701603342931777,0.00767980619015981,0.00767980619015981,WBGene00018802,F54D8.6,-0.10898502789750399,0.681260791578684,0.786442373883239,0.825951846366007,0.259379197757369,0.0769044159887792,0.0769044159887792,0.0769044159887792,0.0769044159887792,0.0769044159887792,0.683439041263341,3.36619230564519e-16,5.23499489996823e-22,2.5190086591099597e-24,0.0309705302268399
414,415,F54F7.3,0.00222750282206402,0.10029130175967801,0.686775308094967,0.22457631669263697,5.80072247886366,0.7774202599983171,0.0039608416397308895,0.0716909413891165,0.012122399814995001,0.0716909413891165,WBGene00010065,F54F7.3,0.163134978575321,1.52971141505772,1.8274364110528702,1.56108591526586,1.0421852853217601,0.22457631669263697,0.22457631669263697,0.22457631669263697,0.22457631669263697,0.22457631669263697,0.913513846665947,1.5289539136421697e-09,6.68819249165997e-14,3.31627553428301e-10,0.000348863042627132
534,535,F55B11.2.2,0.00418830773387489,0.143472710626832,0.657917986596666,0.22975048976648998,7.097725394100981,0.27426800980898197,0.0716525310814838,-0.0131250166437873,0.00752540024042947,0.00752540024042947,WBGene00010084,F55B11.2,-0.197782068817608,0.9829505055428259,0.925569121745871,1.1426557771638701,0.895725213363494,0.22975048976648998,0.22975048976648998,0.22975048976648998,0.22975048976648998,0.22975048976648998,0.8777277405794491,0.000549727343364021,0.00141776531045749,2.58706650244921e-05,0.0060439260128552896
3357,3358,F55G1.15,0.144939615215596,0.806250881304973,0.309624528740865,0.212414854065671,4.3047244859002,1.636198027906,0.0161412356480375,0.040248926646167,0.0515388696935731,0.0515388696935731,WBGene00018907,F55G1.15,0.446584920998595,0.625102515678028,0.841063093562108,0.644599773492518,0.743327685324225,0.212414854065671,0.212414854065671,0.212414854065671,0.212414854065671,0.212414854065671,0.373034431100512,0.0364092726605422,0.0018270731474360601,0.0278636305067023,0.0214592430468089
6556,6557,F57B9.1,0.34004818763621897,0.970572203434161,-0.10005383669527801,0.10487053566489199,5.760085177473361,0.201300267039277,0.00401388573609781,0.0025849178806197303,0.0124828581398641,0.0124828581398641,WBGene00018996,F57B9.1,-0.120477295297482,0.531248437876693,0.9503700400820949,1.0865390958732999,0.792826669226808,0.10487053566489199,0.10487053566489199,0.10487053566489199,0.10487053566489199,0.10487053566489199,0.7927528393842042,2.19312573164906e-05,2.98278942285056e-17,1.10910170621444e-22,2.21422332894962e-11
528,529,F57H12.6,0.00405046627817773,0.14327289982671,1.02319568098004,0.355992653848437,3.9570442953127998,2.42961006155239,0.0371972182088988,0.15289893618217998,0.0735969024202725,0.15289893618217998,WBGene00019021,F57H12.6,0.918661029156774,3.29755700751077,3.1576864018361603,3.2950784526713996,1.18952540696994,0.355992653848437,0.355992653848437,0.355992653848437,0.355992653848437,0.355992653848437,0.195796622181677,9.285640591440609e-18,1.58795752829211e-16,4.40951611210787e-18,0.0335296923879199
2166,2167,F58B6.2,0.073388240615408,0.6327915440234879,0.43809783718725703,0.244691532835653,4.05345808340709,0.25576487088069605,0.0231249708966423,0.0293552153248745,0.0666859484655498,0.0666859484655498,WBGene00019030,exc-6,0.355618309866356,1.27687011187611,1.43832135327102,1.0205484154131401,0.719831797749693,0.244691532835653,0.244691532835653,0.244691532835653,0.244691532835653,0.244691532835653,0.6676891133242421,1.0814998692366901e-05,2.52583250808964e-07,0.000768647793596683,0.0882381281932946
5680,5681,H12D21.7a,0.28697326166660997,0.944057110188757,-0.30212184114761403,0.283739776690416,5.64497350933917,2.13764685315081,0.10713067249491401,-0.0411786203634143,0.0136317188195764,0.0136317188195764,WBGene00010383,mpst-3,0.17583435359425598,1.9772418480215201,2.63056971832406,2.6355887225598598,1.58939558033982,0.283739776690416,0.283739776690416,0.283739776690416,0.283739776690416,0.283739776690416,0.938286343121978,5.47923163823908e-10,4.71726126927352e-18,3.3526980759022497e-18,3.81582165537879e-06
5681,5682,H12D21.7b,0.28697326166660997,0.944057110188757,-0.30212184114761403,0.283739776690416,5.64497350933917,2.13764685315081,0.10713067249491401,-0.0411786203634143,0.0136317188195764,0.0136317188195764,WBGene00010383,mpst-3,0.17583435359425598,1.9772418480215201,2.63056971832406,2.6355887225598598,1.58939558033982,0.283739776690416,0.283739776690416,0.283739776690416,0.283739776690416,0.283739776690416,0.938286343121978,5.47923163823908e-10,4.71726126927352e-18,3.3526980759022497e-18,3.81582165537879e-06
3898,3899,H14A12.2a,0.176758201433893,0.846410434248315,0.150972116714428,0.111764629064164,6.67193539105819,0.149590955664689,0.007041350649581359,0.011695647815193997,0.00809744885619984,0.011695647815193997,WBGene00001503,fum-1,-0.0692642490964369,0.46925229084047704,0.39902585904408394,0.52674667927781,0.388152286470419,0.111764629064164,0.111764629064164,0.111764629064164,0.111764629064164,0.111764629064164,0.938286343121978,0.000730533704105014,0.0067520190548008,8.43057476457363e-05,0.0231366177030256
1318,1319,H14A12.2b.1,0.0317973412338724,0.450442244848298,0.200608284610978,0.0934387745956507,7.99392139163169,0.0534749208502409,0.00521176161688215,0.00539003910049941,0.00788444528002308,0.00788444528002308,WBGene00001503,fum-1,0.0637412691669687,0.35939375614966707,0.390332931411004,0.480973044702815,0.566234421389199,0.0934387745956507,0.0934387745956507,0.0934387745956507,0.0934387745956507,0.0934387745956507,0.9202739111962791,0.00246218801954604,0.000796098029943295,1.15691738161626e-05,3.26378313265451e-07
14522,14523,H40L08.2a,0.8767025929671278,1.0,0.0179396802363797,0.11562752813322,6.35336514009266,0.34279291005164103,0.00326027547710174,0.0167943124161961,0.008961514588101259,0.0167943124161961,WBGene00014793,H40L08.2,0.030904069127174,1.02069541333461,1.2228031269305302,1.21169651523348,0.8715467188719979,0.11562752813322,0.11562752813322,0.11562752813322,0.11562752813322,0.11562752813322,0.994827118007899,4.3501899344777e-16,1.47829517734505e-23,3.40533456961686e-23,2.55681506648456e-11
1949,1950,K02B2.4a,0.0612572147561364,0.586790166760532,0.18224752460810398,0.0973734690915907,6.16114802742629,0.331798787129248,0.0044568217897629995,0.0068748423649396895,0.009765566934633459,0.009765566934633459,WBGene00002129,inx-7,-0.0824558832480319,0.465642596677106,0.364549004318561,0.618745290706952,0.31622178548269103,0.0973734690915907,0.0973734690915907,0.0973734690915907,0.0973734690915907,0.0973734690915907,0.881436660300432,7.352654379951841e-05,0.0038395676260349295,1.52454360884014e-08,0.0425687427959864
2094,2095,K02D7.5,0.0688356833639611,0.616513282191795,-0.497692805283545,0.273533225353735,3.9449606844682097,0.5937060783777149,0.0377230047762077,0.0454361580372422,0.0745076332824184,0.0745076332824184,WBGene00019300,swt-1,-0.361814624283978,1.13650998026134,1.135347113707,0.8438082526190659,1.03950942539732,0.273533225353735,0.273533225353735,0.273533225353735,0.273533225353735,0.273533225353735,0.726652254134838,0.000845184504847829,0.000881087716573519,0.0247581272082372,0.008360158091574291
3429,3430,K04F10.1,0.14897950767878698,0.8099162353733309,0.24546597992524802,0.170090951757092,4.72670889147925,0.860043419008787,0.0105179127216774,0.0178669699582317,0.0328784850827728,0.0328784850827728,WBGene00019394,K04F10.1,0.28096779098666697,0.9503958206939691,1.27014029431127,1.4909639295527801,0.675882775776145,0.170090951757092,0.170090951757092,0.170090951757092,0.170090951757092,0.170090951757092,0.5800381541731371,1.70058114820999e-06,1.01874905538554e-11,3.15338644007242e-16,0.00470636157679732
16535,16536,K07C11.8.2,0.822998523910975,1.0,0.047636137444226,0.212956039266474,4.48908609709685,0.5579598476362729,0.0253898769009332,0.0401256230816563,0.0426355350891627,0.0426355350891627,WBGene00019480,K07C11.8,0.474331952539299,0.565859125090518,0.681824989312627,0.8185028428582659,0.8812496444013241,0.212956039266474,0.212956039266474,0.212956039266474,0.212956039266474,0.212956039266474,0.31740668779305603,0.0723243592583076,0.0203069080509004,0.00245245394189497,0.00265902182248595
3407,3408,K08C7.3f.1,0.14770502513513598,0.8099162353733309,1.5540884890046,1.07349868596596,4.4281216430248795,2.67601473239565,1.59777986008132,0.130819283074657,0.0454560218467138,0.130819283074657,WBGene00001328,epi-1,2.61633793086144,3.47281553366607,3.8750792875251503,3.7654121665816898,3.6986265455147005,1.07349868596596,1.07349868596596,1.07349868596596,1.07349868596596,1.07349868596596,0.2435884069444,0.0165879110481928,0.005961716511085111,0.007361557163234079,0.0253080273506966
12807,12808,K08D8.6a,0.46620146455319705,1.0,0.114243122153188,0.15678234079563902,5.44042106745088,0.359867040196826,0.0101891139917471,0.0266819395862926,0.0161805903623932,0.0266819395862926,WBGene00010660,K08D8.6,0.355769242448456,0.421270822152036,0.601625553338615,0.713125366110885,0.656716917259274,0.15678234079563902,0.15678234079563902,0.15678234079563902,0.15678234079563902,0.15678234079563902,0.30303381305207105,0.0675050072178038,0.00278326761405188,0.00017110452388369098,0.0022305556437371603
2923,2924,K08E3.1,0.117787839008908,0.752666125653228,-0.524862778735599,0.33556284825249394,6.07040218980196,2.6944474008238197,0.0073295181346308,0.161574119556359,0.0102405123666883,0.161574119556359,WBGene00010661,tyr-2,0.158292792599667,3.2290226732634104,3.65198205133478,3.7868883203668795,1.2185819370970299,0.33556284825249394,0.33556284825249394,0.33556284825249394,0.33556284825249394,0.33556284825249394,0.97354808054091,3.2381409217485895e-19,5.63313441338917e-25,7.25525058760844e-27,0.0144271748755683
474,475,K08E3.10,0.0030119217559471897,0.11847949054710198,0.405875945209536,0.136818946578339,5.780783918392481,0.330792024787352,0.0036755865191748704,0.0244035496950348,0.0122964068299619,0.0244035496950348,WBGene00023451,mlc-7,0.0441555915557368,0.8974081831126851,1.0487818541516,0.7490803463858441,0.668304930943624,0.136818946578339,0.136818946578339,0.136818946578339,0.136818946578339,0.136818946578339,0.990729675637767,7.329944747813109e-09,2.41245320361013e-12,2.26483297976754e-06,0.000121034979253868
2940,2941,K09H9.8,0.11916574667590199,0.7571168578095742,0.31026811530749204,0.199108732928871,4.46290457027109,0.921303742027438,0.0125618314085178,0.0469045998842932,0.04383296201894699,0.0469045998842932,WBGene00045387,K09H9.8,0.402289864999692,1.00658803930929,1.13343164740125,0.948605737795812,0.7845694384603471,0.199108732928872,0.199108732928871,0.199108732928872,0.199108732928872,0.199108732928871,0.404544887672603,2.25340169343674e-05,7.08747524225887e-07,6.824097982919979e-05,0.00525484118770892
1383,1384,K10B2.3a,0.0343552862896861,0.463993434972317,0.181304003106857,0.0856874097438535,8.833460039203,0.517558375078925,0.000552422559009174,0.01000772758219,0.0104610757239074,0.0104610757239074,WBGene00019606,clec-88,-0.212819472392265,0.36370282833081796,0.332567478504745,0.518553395438842,0.289929918446353,0.0856874097438535,0.0856874097438535,0.0856874097438535,0.0856874097438535,0.0856874097438535,0.22962223266001802,0.0006173420437743759,0.00239211189200229,9.56516138982574e-08,0.0303836079964135
1475,1476,K10B3.9.2,0.0382710343897604,0.48322390180372,-0.302615242228142,0.146054054695673,5.096320733585361,0.18244298550219898,0.0098145033501991,0.00670481136653423,0.0221831769893709,0.0221831769893709,WBGene00003124,mai-1,0.229423398138008,0.543162235194569,0.7992300345084609,1.06448495714852,0.511129555049533,0.146054054695673,0.146054054695673,0.146054054695673,0.146054054695673,0.146054054695673,0.6178352070827071,0.0038070672154516295,2.3140379681089e-06,3.33254756618134e-11,0.0214592430468089
2606,2607,K10C2.1,0.0981434688404564,0.7034179958894999,0.231669865162316,0.14007307407407096,8.91541587227534,1.83754937740452,0.000175531708920594,0.0292551674119198,0.0108733932864232,0.0292551674119198,WBGene00019617,K10C2.1,0.32382895441411796,0.42057007677974895,0.922467115524663,0.8879707207291829,0.820768698540215,0.14007307407407096,0.14007307407407096,0.14007307407407096,0.14007307407407096,0.14007307407407096,0.28876369976203603,0.031192272301291,3.9006972514815995e-09,1.6519601681923704e-08,9.5283841016681e-07
1276,1277,K10D11.5,0.029838063944369997,0.436133951760032,0.307174628991673,0.141409588634898,5.659112445853549,1.62520614815776,0.004370231242597529,0.0256247763942393,0.0134800903621105,0.0256247763942393,WBGene00010749,K10D11.5,0.379499017271251,0.652161004745526,0.42462507207298206,0.5223987464658929,0.5177406459908019,0.141409588634898,0.141409588634898,0.141409588634898,0.141409588634898,0.141409588634898,0.16433272022190398,0.000146789343185721,0.0350125497531422,0.00402848970101577,0.013098003052517999
6219,6220,K10H10.2.1,0.32020756307513104,0.9613151531140129,-0.488673905019546,0.49160809926795507,6.214771199685059,3.37483435009835,0.35300236851969896,-0.29892533652962705,0.009515416379078571,0.009515416379078571,WBGene00010759,cysl-2,-0.7144954009230241,3.3099957784002,3.86584105521658,3.91679920570407,1.9669879470019702,0.49160809926795507,0.49160809926795507,0.49160809926795507,0.49160809926795507,0.49160809926795507,0.6676891133242421,2.5248094837220198e-09,5.44575069120938e-13,2.24430316266304e-13,0.00437886741013399
12868,12869,K10H10.2.2,0.437904238273048,1.0,-0.411687096725154,0.530704415860495,5.763204357896741,2.82496246221304,0.410016386520266,-0.29490496125148496,0.0124543790004773,0.0124543790004773,WBGene00010759,cysl-2,-0.711178759016583,3.0943357686957,3.5400485577261604,3.4727893723064303,1.73116615051339,0.530704415860495,0.530704415860495,0.530704415860495,0.530704415860495,0.530704415860495,0.7179360478909409,4.79916122857672e-07,2.25604946647375e-09,4.71057046202616e-09,0.0412406687207256
4252,4253,K11D12.13,0.200478992275487,0.880571220185114,-0.231804789724543,0.181070883927698,6.90044893020303,0.554172656829188,0.00146657106332765,0.04771342644620901,0.0077275486686657095,0.04771342644620901,WBGene00044535,K11D12.13,-0.270951256758586,1.3242341687372499,1.47731240873043,1.62001846855409,1.06723594102486,0.181070883927698,0.181070883927698,0.181070883927698,0.181070883927698,0.181070883927698,0.651471259447742,5.865950074779979e-11,5.69815558705178e-14,6.698934262345589e-17,8.00280341523959e-07
4532,4533,M02D8.6,0.217626882973466,0.896342208479625,-0.29882999407601396,0.242387025025707,5.20610930207168,1.5657469515606899,0.00928486447418995,0.0788423403770293,0.0200057523978858,0.0788423403770293,WBGene00019732,M02D8.6,-0.14975274137847303,1.0938976677882801,1.69456040908445,2.0548225919377803,1.23045961535785,0.242387025025707,0.242387025025707,0.242387025025707,0.242387025025707,0.242387025025707,0.939133442820208,0.000217517815265182,2.79937501393069e-10,3.56706951482715e-15,4.85560015360731e-05
12935,12936,M05D6.5a,0.7494002737551742,1.0,-0.0434238368456407,0.135941528983205,5.05717280431242,0.515941312461338,0.004664495610981929,0.0026421694246803,0.0230556533424553,0.0230556533424553,WBGene00010878,M05D6.5,0.12739258468416,1.5481875558873799,1.83057255968247,1.7308228609276202,0.591175407533687,0.135941528983205,0.135941528983205,0.135941528983205,0.135941528983205,0.135941528983205,0.8604937922281569,3.1793207729674998e-27,2.0174576585514599e-38,2.52624060771351e-34,0.0011789385525204901
12936,12937,M05D6.5b,0.7494002737551742,1.0,-0.0434238368456407,0.135941528983205,5.05717280431242,0.515941312461338,0.004664495610981929,0.0026421694246803,0.0230556533424553,0.0230556533424553,WBGene00010878,M05D6.5,0.12739258468416,1.5481875558873799,1.83057255968247,1.7308228609276202,0.591175407533687,0.135941528983205,0.135941528983205,0.135941528983205,0.135941528983205,0.135941528983205,0.8604937922281569,3.1793207729674998e-27,2.0174576585514599e-38,2.52624060771351e-34,0.0011789385525204901
12938,12939,M05D6.6.3,0.587269761274411,1.0,-0.11932601009737599,0.219835533887222,5.559067293017439,1.1133069574849799,0.0578721456392074,-0.0300421038171179,0.0146193473000123,0.0146193473000123,WBGene00010879,M05D6.6,-0.18704953421629297,1.85539391216616,2.2461268288850897,2.3110948035160197,0.7151946752472329,0.219835533887222,0.219835533887222,0.219835533887222,0.219835533887222,0.219835533887222,0.8800713130345,1.14107844223136e-14,5.6356601170658e-22,2.4287944896373e-23,0.0420546724406587
8832,8833,M05D6.7,0.649159259730173,1.0,-0.0922938543810613,0.202874637008385,4.89378168940095,0.460939964420202,0.0107909911769251,0.0509461863350009,0.0273550694040854,0.0509461863350009,WBGene00001523,gbh-2,0.111325912253516,1.4614898883358503,1.2657002989096497,1.0863917867639898,0.690687772583609,0.202874637008385,0.202874637008385,0.202874637008385,0.202874637008385,0.202874637008385,0.95494394701755,1.25665334639177e-10,3.15609541292725e-08,4.10977947261808e-06,0.0285372557380482
3113,3114,R02E12.2a,0.130124355027472,0.7802867694763499,0.277723672390193,0.18348409610656302,5.02707984689982,0.734066474565295,0.0200022063294989,0.0304974139565646,0.0237671325823395,0.0304974139565646,WBGene00019827,mop-25.1,-0.0499380219955737,1.56442567770715,2.04548580905878,1.88030955309232,0.676994739513857,0.18348409610656302,0.18348409610656302,0.18348409610656302,0.18348409610656302,0.18348409610656302,0.993634229678457,5.7659705604921995e-15,3.18127423384946e-26,3.37610915394898e-22,0.0119196535409762
6816,6817,R02E12.2b,0.356155321200017,0.97758552115804,-0.079222276971399,0.0858577208251675,6.80320120669619,0.43577982919335706,0.0014797392472911,0.00957758309064751,0.00786645065128566,0.00957758309064751,WBGene00019827,mop-25.1,0.0225927699961108,1.0146270485949,1.48079215271822,1.40312270951967,0.31811577102668703,0.0858577208251675,0.0858577208251675,0.0858577208251675,0.0858577208251675,0.0858577208251675,0.99509943258919,2.4666271975670996e-29,1.8337221777402697e-63,6.57451676194634e-57,0.0113760587879909
692,693,R03G8.6,0.00816575154449254,0.21906461367116298,0.476638406509218,0.180194128998673,5.710523497306629,0.601689194116636,0.0045374687539908205,0.0441674174343946,0.012953858850723999,0.0441674174343946,WBGene00011000,R03G8.6,-0.151297639694737,1.38880092158883,1.5248703052263,1.40781090116924,0.8579184764551179,0.180194128998673,0.180194128998673,0.180194128998673,0.180194128998673,0.180194128998673,0.8834203621054479,3.48135050056881e-12,4.79922997739703e-15,7.2606062160364e-13,0.000209185835804377
13028,13029,R07B1.3,0.7245155874399449,1.0,0.0754620527748207,0.214119087984448,4.8347262433291505,0.6479973469735021,0.009136148902694579,0.0596343268562429,0.029176361994475,0.0596343268562429,WBGene00011076,scav-5,0.38713809045906605,0.875344480420793,0.833654505885437,1.2603447659721898,0.7909335438526809,0.214119087984448,0.214119087984448,0.214119087984448,0.214119087984448,0.214119087984448,0.501820565817389,0.00106637794178578,0.00230859657753015,2.49476098751316e-07,0.0118237263983783
4,5,R08E5.3,2.42209295767993e-25,9.05136138284988e-22,-0.944680828443792,0.0908152620587136,7.12529578058115,7.79144836740383,0.0048657305577314795,0.00625343032779502,0.0075053871764577595,0.0075053871764577595,WBGene00019963,R08E5.3,-0.663544312840715,4.5776663556348804,4.68676351302606,4.58876814697705,3.8049416972819303,0.0908152620587136,0.0908152620587136,0.0908152620587136,0.0908152620587136,0.0908152620587136,4.26846526319958e-10,0.0,0.0,0.0,0.0
3360,3361,R12C12.5,0.14527552746556902,0.8076385690848421,0.130240408246781,0.08942480688822199,6.219254472365139,0.0971200792405666,0.00248031553415554,0.00951487859633817,0.00949546173745465,0.00951487859633817,WBGene00020025,R12C12.5,-0.31175608134136307,0.48846852478749997,0.49734457104718394,0.6502547486174,0.412302227205155,0.08942480688822199,0.08942480688822199,0.08942480688822199,0.08942480688822199,0.08942480688822199,0.0294313730995934,3.23991124306823e-06,1.45623090997349e-06,3.6897757373312104e-11,0.000399047843258397
3421,3422,T04F3.1a,0.14888013674399403,0.8099162353733309,0.512431876634504,0.354993046136748,6.856015018297629,1.65508129898144,0.181242381674519,-0.0173785406115055,0.007787712533652541,0.007787712533652541,WBGene00011436,T04F3.1,0.420114556267103,1.0692653572791,1.17066126852669,1.01176539172806,1.09469733121545,0.354993046136748,0.354993046136748,0.354993046136748,0.354993046136748,0.354993046136748,0.7835350715536299,0.0303770870048855,0.0154356372368365,0.0433000576770474,0.0643070480666625
1833,1834,T05A10.3,0.055542088659468,0.56586909847446,0.554123370234726,0.289418202260159,6.584055585891909,1.84101193564744,0.0020591428920861397,0.12358520080716802,0.00828721788398392,0.12358520080716802,WBGene00011460,ttr-14,0.438159946014549,1.79942424334209,2.08129909774678,1.17687264652481,1.04166551918264,0.289418202260159,0.289418202260159,0.289418202260159,0.289418202260159,0.289418202260159,0.6441420267085811,5.4284221659977804e-08,7.09450424629429e-11,0.00113819687515746,0.0159450745294464
715,716,T05B4.2,0.008645455576151621,0.225518114100786,-0.6088848216856321,0.231888569025781,5.70116223661193,4.6299009258743204,0.0104873548218781,0.0701711078453584,0.0130467838892038,0.0701711078453584,WBGene00003647,nhr-57,-0.252778313472085,3.82155002031914,4.13729356267027,4.0967490992562405,1.95596838307249,0.231888569025781,0.231888569025781,0.231888569025781,0.231888569025781,0.231888569025781,0.811564248968057,1.1909058398497196e-57,5.6929531252463495e-68,1.1747779413557297e-66,2.5796642027337798e-14
1627,1628,T09A5.1a,0.0454187269284824,0.521511709039803,-0.37600786249459206,0.18793292369914102,4.58273713826708,1.02674552094871,0.0144384098162525,0.0349071474495778,0.0385397658989081,0.0385397658989081,WBGene00023408,cex-2,-0.0784104328195284,0.932464736592468,1.62651950146653,1.7631303291376001,0.623093491423798,0.18793292369914102,0.18793292369914102,0.18793292369914102,0.18793292369914102,0.18793292369914102,0.9814112364825541,3.42719161462684e-05,9.92176042085217e-16,1.4792459413894698e-18,0.0362067398085906
13467,13468,T22C8.6,0.5416818848984211,1.0,0.15765890142827899,0.258342175747987,3.92590248768439,0.674245950176793,0.0241466452041708,0.0393664511600713,0.0759643744511353,0.0759643744511353,WBGene00011927,T22C8.6,0.5962868870846509,1.48643957529264,1.4993007550022301,1.15127438703049,0.7720500737509909,0.258342175747987,0.258342175747987,0.258342175747987,0.258342175747987,0.258342175747987,0.289803534400715,7.059746898432759e-07,3.83910809341741e-07,0.00024838827887701,0.0793744739886665
13565,13566,T28H10.2,0.990501321742346,1.0,-0.00199783257581243,0.167813044148493,5.18250841556279,1.32301321669121,0.006842525150131571,0.0353993015294444,0.0204500885554932,0.0353993015294444,WBGene00012143,T28H10.2,0.28852305574586795,1.0031662753465,1.21408207316945,1.1460878507091599,0.558952993489534,0.167813044148493,0.167813044148493,0.167813044148493,0.167813044148493,0.167813044148493,0.5435708213429921,2.13329723872376e-07,5.25044027719205e-11,7.33454545261371e-10,0.0345729891927538
9723,9724,VC5.5,0.6519538676130661,1.0,0.0997947588253775,0.221250122399175,4.20013382132974,0.22027073769525699,0.01607105080813,0.0270596744751137,0.0573563741843447,0.0573563741843447,WBGene00003725,nhr-135,0.17344765892823402,0.857748296193513,0.667443854969702,0.570838222154185,0.804223539966833,0.221250122399175,0.221250122399175,0.221250122399175,0.221250122399175,0.221250122399175,0.8958484186180191,0.00222179026278338,0.0337927246461726,0.0783434664728146,0.0142745861708584
536,537,VF13D12L.3,0.0041572298050378,0.143472710626832,-0.290338800111092,0.101305309456157,8.03103395790192,0.7498141109651959,0.00044189893377402097,0.0149522496522377,0.0079462904293309,0.0149522496522377,WBGene00012149,VF13D12L.3,-0.0464116607980529,1.5809604668797999,1.57621242180247,1.49816380368709,0.7465201220869551,0.101305309456157,0.101305309456157,0.101305309456157,0.101305309456157,0.101305309456157,0.9746711490694359,1.2400826826673497e-51,1.6136316781988297e-51,1.8012652488733698e-46,8.452315069344058e-11
858,859,W02D7.6,0.0132284664670962,0.289711814970603,0.21752477390183397,0.0877980320280544,6.236277414632079,0.0614825146610058,0.0021417431038848397,0.0049005354765682295,0.00942099853811405,0.00942099853811405,WBGene00020942,W02D7.6,0.0312303427972592,0.3056604933956,0.340252985788613,0.48020327434872606,0.314865904144538,0.0877980320280544,0.0877980320280544,0.0877980320280544,0.0877980320280544,0.0877980320280544,0.988610132302838,0.008218615125322659,0.00244044986019015,2.3242532848108103e-06,0.0164792800957358
510,511,W05G11.6c,0.0037366150402452798,0.136673769978407,-0.935913243226973,0.32277531374887003,6.57570873600793,3.03539863916268,0.147968862016825,-0.0939266242212529,0.00830699273169671,0.00830699273169671,WBGene00021043,pck-1,-0.5488626479783401,1.96944331302784,2.7541961820341,2.8226812728217703,1.6441502071099499,0.32277531374887003,0.32277531374887003,0.32277531374887003,0.32277531374887003,0.32277531374887003,0.5537553064077629,1.04932842829089e-07,2.72219255167138e-15,3.75294792981734e-16,4.61825314317455e-05
4063,4064,W05G11.6d.2,0.188374533511382,0.8661999409606321,-0.7152008523830459,0.543712390917003,4.89083952288592,5.09815652460949,0.41599233241700606,-0.0735676621219283,0.0274424136380191,0.0274424136380191,WBGene00021043,pck-1,-0.99841353743338,2.3139472171495696,3.28627771247134,3.25679386483315,1.68675174969626,0.543712390917003,0.543712390917003,0.543712390917003,0.543712390917003,0.543712390917003,0.4880236618511479,0.000595961110375702,9.81304552000935e-08,1.3668302092211403e-07,0.0608155083189004
973,974,W07A12.4,0.0179811945426431,0.345299788876726,0.848676142401,0.35869581446233006,3.39142401405207,1.69573042860087,0.0657920349029482,0.0571407694787519,0.127201996066244,0.127201996066244,WBGene00012322,W07A12.4,0.10256483064969901,2.6647261784089102,2.81277985130221,2.6263531878201096,1.7021993388136598,0.35869581446233006,0.35869581446233006,0.35869581446233006,0.35869581446233006,0.35869581446233006,0.9933300444758041,2.55702993986485e-11,6.43890576011635e-13,2.63956780184786e-11,0.0002246174499179
13645,13646,W07A12.6,0.641571370985688,1.0,0.170447669370665,0.36615813706004,3.86601097324077,5.03791409536643,0.0855793374916314,0.115528334511287,0.0807049363346338,0.115528334511287,WBGene00012323,oac-54,0.10228463548913401,3.7869728926293202,4.20065140268309,4.28600825679525,3.0837247201626496,0.36615813706004,0.36615813706004,0.36615813706004,0.36615813706004,0.36615813706004,0.9933300444758041,2.4173150637741795e-22,8.944419828232721e-28,6.043228306895629e-29,2.7700252375531396e-14
13652,13653,W07G4.5,0.520111069315115,1.0,-0.120072815007781,0.186687858684371,5.5846763199812495,0.368058284742145,0.00468744613049818,0.0475910887397351,0.0143127999471542,0.0475910887397351,WBGene00012339,W07G4.5,0.055562959392955004,0.839118208382463,1.10732340582206,1.09526563186308,0.6547639556401129,0.186687858684371,0.186687858684371,0.186687858684371,0.186687858684371,0.186687858684371,0.992065527879848,0.000233634783304422,1.8643574889874301e-07,2.7574961225310603e-07,0.0210082363427981
9266,9267,W09H1.6b,0.8621651331644841,1.0,0.0178610724583471,0.102875279283466,7.42285855573541,0.270016438393425,0.004371765095995871,0.011503219535481,0.0074140875709028595,0.011503219535481,WBGene00002264,lec-1,-0.0290148527433894,0.47457219060540706,0.623162482650045,0.299889076571676,0.29775315528194396,0.102875279283466,0.102875279283466,0.102875279283466,0.102875279283466,0.102875279283466,0.9933300444758041,0.00014650369039448602,9.13063392641892e-08,0.0371096468908217,0.0975291249343266
3137,3138,Y25C1A.14,0.13182767181555802,0.785448916030917,0.427314626997664,0.283565659592378,4.00818340614145,0.692237472155182,0.0228268901967181,0.0977873347533727,0.0698528818446697,0.0977873347533727,WBGene00194985,Y25C1A.14,-0.08063783323767301,1.1373618539864898,1.4195292608432701,1.5073447235209,0.8414588376539319,0.283565659592378,0.283565659592378,0.283565659592378,0.283565659592378,0.283565659592378,0.9933300444758041,0.00140146553358939,2.2282943269947897e-05,5.0011267386328595e-06,0.0837503385550688
13729,13730,Y37A1B.5a,0.546116763183474,1.0,-0.0859073857131168,0.14232756139524302,6.75788942436687,1.72689372950983,0.00301503880285995,0.027370663296215,0.00794037701313647,0.027370663296215,WBGene00012538,Y37A1B.5,-0.5439564929796,2.5909558625465,2.67233647919875,2.76440487038309,1.4011334582801203,0.14232756139524302,0.14232756139524302,0.14232756139524302,0.14232756139524302,0.14232756139524302,0.0120835767487726,1.489199415301e-70,3.1706661778287893e-75,1.1556819183273899e-80,1.128107246253e-19
13747,13748,Y38E10A.11,0.7975995385853721,1.0,-0.11963588226095699,0.46649857228921504,3.36961026815168,7.08469832127912,0.19666614946948896,-0.0658575520831547,0.129765227452325,0.129765227452325,WBGene00012589,nspe-4,-0.7040536882694679,5.0278367897070195,5.27388590010722,5.1081040878585195,2.21209627624346,0.46649857228921504,0.46649857228921504,0.46649857228921504,0.46649857228921504,0.46649857228921504,0.645869550102948,2.6409448027366197e-24,5.63251737890642e-27,2.70260648292951e-25,0.000226043791808925
17450,17451,Y40D12A.2,0.929828230687029,1.0,-0.0121016542844435,0.137423612389551,6.140300309944941,1.17779223153595,0.00260310929892943,0.0257247645643607,0.00986874552924195,0.0257247645643607,WBGene00021503,ctsa-2,0.32397773897229903,0.389601159200396,0.8557149936847521,0.7396274106440641,0.898772422045433,0.137423612389551,0.137423612389551,0.137423612389551,0.137423612389551,0.137423612389551,0.271965617697323,0.047511163819167,3.3684912373572e-08,3.59340726848144e-06,1.91374962373504e-08
1843,1844,Y41D4B.17,0.0563582171153156,0.5710701121473281,0.849455286652403,0.44514759185390995,3.35436953978685,1.14103999893127,0.0605771509960264,0.236657416803976,0.131582309002494,0.236657416803976,WBGene00021519,Y41D4B.17,0.8294410242417809,1.30326271788119,2.43609547948609,2.62442250045126,2.13396906520668,0.44514759185390995,0.44514759185390995,0.44514759185390995,0.44514759185390995,0.44514759185390995,0.476436725252218,0.0377982950543942,2.3140379681089e-06,2.3803907328815302e-07,0.000180894875571472
3075,3076,Y46C8AL.5,0.127913359149478,0.777002963494148,-0.7395888499185871,0.48581025361741903,2.77248351837052,1.82606663428526,0.132660887000564,0.0181468211013764,0.22135651677916798,0.22135651677916798,WBGene00021583,clec-72,-0.0267710740106804,1.3636837585166397,2.12386153342862,2.00782310521793,2.0057337514983002,0.48581025361741903,0.48581025361741903,0.48581025361741903,0.48581025361741903,0.48581025361741903,1.0,0.0511084304932831,0.00036310811508775,0.0008899157066428119,0.00274002205692238
1464,1465,Y46G5A.10,0.0378323277280772,0.481865742058025,0.6736221338821489,0.32437661690293296,4.98986470224487,1.2887161154150502,0.00871971726242564,0.149110567127662,0.0246967011949178,0.149110567127662,WBGene00012901,cnp-2,0.486199032449399,1.8412001586820599,2.16869357858899,1.22096155681316,0.9981606727423559,0.32437661690293296,0.32437661690293296,0.32437661690293296,0.32437661690293296,0.32437661690293296,0.650051773175032,1.05270278605441e-06,2.0641596432456103e-09,0.00321336018642995,0.0654065575117093
3330,3331,Y47D3B.10,0.143285987956184,0.803379315833282,0.17713860088455102,0.121024152092514,5.949979900039491,0.42357069104720396,0.0034081406113819898,0.0185621274731859,0.0109838861990247,0.0185621274731859,WBGene00001077,dpy-18,-0.04580707379688201,0.5669616449423249,1.8824994854202801,1.5028551346401497,0.8474613320289001,0.121024152092514,0.121024152092514,0.121024152092514,0.121024152092514,0.121024152092514,0.985775476386991,0.00011099070011860501,1.6239349688984096e-51,1.2215653604684999e-32,1.0446476861255902e-09
1493,1494,Y49E10.29,0.0387726613141048,0.485531291011312,0.37184992902678704,0.179933928355067,5.46307016188429,0.5002074558078979,0.00480190840880904,0.0437624194511207,0.0158641367799981,0.0437624194511207,WBGene00045239,Y49E10.29,0.0376439503160129,0.8112135466747241,1.0313566399996201,0.8810845068372869,0.6640684899009189,0.179933928355067,0.179933928355067,0.179933928355067,0.179933928355067,0.179933928355067,0.9979663418806679,0.000221103558638811,5.76411636597524e-07,3.7314033638991795e-05,0.0119086014798201
3470,3471,Y67D8A.3,0.149340023799207,0.810108068333098,0.25642739390073394,0.17784405472230602,4.692218115569269,0.18468165762150998,0.0132821617082599,0.0103070718396919,0.0341605999918462,0.0341605999918462,WBGene00022060,dmd-9,0.19840626476368597,0.8138698454436329,0.494944702194316,0.64584316531998,0.57133488692994,0.17784405472230602,0.17784405472230602,0.17784405472230602,0.17784405472230602,0.17784405472230602,0.8048780736482769,0.000170377340216022,0.0602917831070988,0.0049434268612967205,0.0465557921045748
765,766,Y71A12B.12a.1,0.0102504207063624,0.24971102589473199,3.53467355919012,1.3768245170289999,3.17401612691059,4.5465527932919505,2.03053270839346,0.8129359176447409,0.15486251953204,0.8129359176447409,WBGene00013509,Y71A12B.12,2.9791716261102903,4.79669011558721,5.00907064985548,3.40741222732902,5.14955876943866,1.3768245170289999,1.3768245170289999,1.3768245170289999,1.3768245170289999,1.3768245170289999,0.345890265690337,0.00815020130308532,0.0054357050823864205,0.097764828741901,0.0101659279145889
17845,17846,Y73C8C.2,0.4839510192904621,1.0,-0.20732060643560302,0.29618836234268503,4.86524973904092,3.5905127843004196,0.0168251163966021,0.11476620258426,0.0282170927741139,0.11476620258426,WBGene00022261,clec-210,0.254355558111669,1.4997786283618102,2.83301207719401,2.94486237994619,3.99226839030069,0.29618836234268503,0.29618836234268503,0.29618836234268503,0.29618836234268503,0.29618836234268503,0.8777710965564641,2.19932604393198e-05,3.27892438339377e-19,7.153654404777329e-21,6.49070459319226e-38
1499,1500,Y76A2B.1b,0.0392450536074067,0.487339261415027,0.42327013164665794,0.20531065677963897,6.668923169619559,0.8655919010899471,0.0551252814990388,-0.0143158031101213,0.0081034171818912,0.0081034171818912,WBGene00004075,pod-1,0.166927618303396,0.7875044730131221,0.55944254578963,0.786235136882011,0.613949901621025,0.20531065677963897,0.20531065677963897,0.20531065677963897,0.20531065677963897,0.20531065677963897,0.889851615140702,0.00254875405677517,0.0687635743875894,0.0025799168071668,0.0793718294560875
999,1000,Y79H2A.2a,0.0188638009047393,0.35211800190315,0.365922280266873,0.155830198123244,4.91473814522833,0.9829685395280409,0.00968137847702528,0.0181814659163023,0.026743197493668998,0.026743197493668998,WBGene00013579,Y79H2A.2,-0.0897155961615685,1.78588288830911,1.77918288989703,1.7076957293068502,0.586834125723414,0.155830198123244,0.155830198123244,0.155830198123244,0.155830198123244,0.155830198123244,0.9495009808879209,1.4980281488537499e-27,1.5982244303912197e-27,2.5064065118267603e-25,0.0093132813659375
17880,17881,Y82E9BL.10,0.9791614594309659,1.0,-0.00781956110421328,0.299368263095654,4.741876678447451,1.68215385651292,0.0123306762047706,0.122101359218593,0.0323298539513149,0.122101359218593,WBGene00022326,fbxa-14,0.539021037850133,1.27348509045527,1.34894812886318,1.2354999101382802,0.942423573529587,0.299368263095655,0.299368263095654,0.299368263095655,0.299368263095655,0.299368263095654,0.504574118915612,0.00060018136990905,0.000208875407357494,0.000908066363045446,0.0543580129641767
4000,4001,Y87G2A.8b,0.183483647025297,0.8568837652256099,0.17590734484285803,0.13225071122745,7.30223476353772,0.070246284006563,0.00892113128037247,0.0173142446498771,0.007423777729443141,0.0173142446498771,WBGene00013597,gpi-1,0.251044181747249,0.339118003660978,0.5279059895266539,0.637806289507806,0.41152167548518204,0.13225071122745,0.13225071122745,0.13225071122745,0.13225071122745,0.13225071122745,0.46030008947757295,0.0891263218287668,0.00162995819525593,5.22972065784976e-05,0.0593159672389854
3732,3733,Y95B8A.2,0.166443598006327,0.833229609026452,-0.481904229862744,0.348266656056348,3.7430470737491,2.62098433428483,0.0569194133801214,0.12501508220088497,0.0912133426234838,0.12501508220088497,WBGene00022383,Y95B8A.2,0.933792740528146,2.96349286312867,3.3469858390658502,2.4308356143111096,1.5049398372253897,0.348266656056348,0.348266656056348,0.348266656056348,0.348266656056348,0.348266656056348,0.164918068684729,6.54128669922045e-15,2.1431308071724998e-19,2.73408128372302e-10,0.0013178259796022
17286,17287,Y9C9A.8,0.621176399021175,1.0,0.19774749006292802,0.40014970347782897,3.07336226344525,1.73982700009642,0.0707283420187936,0.0876276937897406,0.169451335771298,0.169451335771298,WBGene00021178,Y9C9A.8,1.0864279540219801,1.0908582540844398,2.0636647522511598,2.13399965758762,1.6082576979029097,0.40014970347782897,0.40014970347782897,0.40014970347782897,0.40014970347782897,0.40014970347782897,0.155446317395472,0.0617208456067811,1.09929004271944e-05,4.5812204201624e-06,0.0041030395219721705
14334,14335,ZC116.3,0.46815387971314704,1.0,0.175563415258153,0.24199418761431302,4.32242674833571,0.30415608848978803,0.0147182601310285,0.0731235201276388,0.0506201564043432,0.0731235201276388,WBGene00013855,ZC116.3,0.6755076134100771,1.06591080614576,0.663528316069069,0.61273513750205,0.7622863113480219,0.241994187614314,0.24199418761431302,0.241994187614314,0.241994187614314,0.24199418761431302,0.135246399852543,0.000334349056449747,0.0657435528243833,0.0866309983785672,0.0540870430597631
2902,2903,ZC513.12,0.116654364944375,0.7504127311410741,0.410029021766198,0.261336028487186,3.91558748094885,0.8770957691571221,0.0256815577707897,0.0311022015921763,0.0767632219073933,0.0767632219073933,WBGene00006060,sth-1,-0.10252208320758802,1.8205322900649,2.09454586797075,0.9586020547025649,0.8977643452438641,0.261336028487186,0.261336028487186,0.261336028487186,0.261336028487186,0.261336028487186,0.984828565056921,5.47923163823908e-10,1.74738295117854e-13,0.00438633605941399,0.0262088508611681
12,13,ZK1058.6,8.38681330630239e-13,1.2054431279096902e-09,-1.95266542723389,0.272921407867066,5.1501277277914195,4.06366162690557,0.0380388770922009,0.0736902652160114,0.0210783050296443,0.0736902652160114,WBGene00014206,nit-1,-1.18256720767503,3.3692820008361806,3.4585921540826803,3.7166745407757302,1.50237118687394,0.272921407867066,0.272921407867066,0.272921407867066,0.272921407867066,0.272921407867066,0.00259288179989276,4.5984809311492594e-32,5.813896279444529e-34,2.53904500791705e-39,6.2222425932078205e-06
2626,2627,ZK6.10,0.0990921083249488,0.7048100662549179,0.3303282193645711,0.200287399764758,8.576478077273999,1.67063659729453,0.000256130931683407,0.0599164328251088,0.00937923618987219,0.0599164328251088,,,0.499133088135603,0.9682857195972541,0.9926461738581149,0.9859991716372299,0.673769825813895,0.200287399764758,0.200287399764758,0.200287399764758,0.200287399764758,0.200287399764758,0.225777175602084,5.9247493823205605e-05,2.8470437217673805e-05,3.3052139151042795e-05,0.0317026345032002
1811,1812,ZK637.13.1,0.0541954068421954,0.558865021620096,-0.543213576856993,0.28214908372150105,5.395908860192491,0.890198630725938,0.102583373579971,0.0119196249133979,0.016828784587353,0.016828784587353,WBGene00014030,glb-1,-0.0802121936185936,1.2954419361726999,2.04565617284139,2.14316694971562,1.18001916208448,0.28214908372150105,0.28214908372150105,0.28214908372150105,0.28214908372150105,0.28214908372150105,0.9933300444758041,0.000160724748469426,4.7103304416272e-11,3.70955640298758e-12,0.0022755737896114
333,334,ZK637.13.2,0.00123503297163284,0.0692115872907395,-1.12647610977892,0.348682600765632,5.39066856427294,1.3923525375618602,0.165461911687538,-0.0789348646851062,0.0169074224274891,0.0169074224274891,WBGene00014030,glb-1,-0.0417627838398744,1.4795071683297398,2.1241909879692797,2.4992178632412405,1.37619743150779,0.348682600765632,0.348682600765632,0.348682600765632,0.348682600765632,0.348682600765632,1.0,0.0006202610977139781,7.4656654726465e-08,7.62619675353742e-11,0.0052098647291596
2894,2895,ZK970.7,0.11607621826106598,0.7496959873919499,0.829361126307233,0.5277652562260711,3.9249310297632403,2.76026067607136,0.0784386290268796,0.33936561949217603,0.0760392971978797,0.33936561949217603,WBGene00014173,ZK970.7,0.850176860124609,4.10355879972144,3.52042372731229,4.694554313388201,2.1939300881444903,0.5277652562260711,0.5277652562260711,0.5277652562260711,0.5277652562260711,0.5277652562260711,0.5997191247787039,2.1628597616679102e-12,2.25604946647375e-09,1.02833186546584e-16,0.002489486535971
